{
  "best_model": "LogisticRegression",
  "cv_results": {
    "LogisticRegression": {
      "mean": 0.8459834326944591,
      "std": 0.01241415936187394,
      "folds": [
        0.8471030649669591,
        0.8254992487034074,
        0.8415612427899762,
        0.8627369007803791,
        0.8530167062315739
      ]
    },
    "RandomForest": {
      "mean": 0.8448812291822192,
      "std": 0.009404693696941687,
      "folds": [
        0.8384995072140629,
        0.8312511107879728,
        0.8457822370865848,
        0.8504172523548705,
        0.8584560384676047
      ]
    },
    "XGBoost": {
      "mean": 0.8408894579561783,
      "std": 0.010980322095012809,
      "folds": [
        0.8364213238976943,
        0.824210734654969,
        0.8393053333979611,
        0.8569365679479102,
        0.8475733298823568
      ]
    }
  },
  "test_metrics": {
    "roc_auc": 0.8414890593918727,
    "f1": 0.6136125654450262,
    "precision": 0.504302925989673,
    "recall": 0.7834224598930482,
    "confusion_matrix": [
      [
        747,
        288
      ],
      [
        81,
        293
      ]
    ]
  }
}